<?xml version="1.0" encoding="UTF-8"?>
<!--
	SAFE - Standard Archive Format for Europe
   
   	Copyright (c) 2015 GMV
   
   	This file is part of the ENVISAT ASAR specialisation for SAFE
   	
	This file is free software: you can redistribute it and/or modify
	it under the terms of the GNU Lesser General Public License (LGPL) as 
	published by the Free Software Foundation, either version 3 of the 
	License, or (at your option) any later version.
   
	SAFE is distributed in the hope that it will be useful,
	but WITHOUT ANY WARRANTY; without even the implied warranty of
	MERCHANTABILITY or FITNESS FOR A PARTICULAR PURPOSE.  See the
	GNU Lesser General Public License for more details.
   
	You should have received a copy of the GNU Lesser General Public License
	along with this program.  If not, see http://www.gnu.org/licenses
	
    This document is a sample manifest file of a ENVISAT ASAR ASA_WS__0P Product Package. 
    --><xfdu:XFDU xmlns:xsi="http://www.w3.org/2001/XMLSchema-instance"
           xmlns:xlink="http://www.w3.org/1999/xlink"
           xmlns:eop="http://www.opengis.net/eop/2.1"
           xmlns:safe-class="http://www.eoportal.org/safe/manifest/class/2.2"
           xmlns:safe-provenance="http://www.eoportal.org/safe/manifest/provenance/2.2"
           xmlns:xfdu="urn:ccsds:schema:xfdu:1"
           version="esa/safe/2.2/prod/envisat/asar/level-0"
           xsi:schemaLocation="http://www.eoportal.org/safe/manifest/provenance/2.2 urn:x-safe:BASE:root:safe_provenance_schema                                 http://www.eoportal.org/safe/manifest/class/2.2 urn:x-safe:BASE:root:safe_class_schema                                 http://www.opengis.net/eop/2.1 urn:x-safe:BASE:root:eop_schema                                 urn:ccsds:schema:xfdu:1 urn:x-safe:ENVISAT:ASA_WS__0P_RPI-MTD:manifest_schema"><!--
    ===================================================================
    INFORMATION PACKAGE MAP SECTION
    ===================================================================
            --><informationPackageMap>
      <xfdu:contentUnit ID="packageUnit" dmdID="acquisition platform instrument sensor class"
                        pdiID="packageId processing"
                        textInfo="ASA_WS__0P Product Instance"
                        unitType="SAFE Product Package"><!--ENVISAT ASAR ASA_WS__0P Measurement Unit--><xfdu:contentUnit ID="MeasurementContentUnit" textInfo="ASA_WS__0P Measurement files">
            <xfdu:contentUnit ID="datablockUnit" repID="datablockUnitSchema"
                              textInfo="ASA_WS__0P Data block Unit">
               <dataObjectPointer dataObjectID="datablock_file"/>
            </xfdu:contentUnit>
         </xfdu:contentUnit>
         <!--ENVISAT ASAR ASA_WS__0P Metadata Unit--><xfdu:contentUnit ID="MetadataContentUnit" textInfo="ASA_WS__0P Metadata files">
            <xfdu:contentUnit ID="metadataUnit" repID="metadataUnitSchema"
                              textInfo="ASA_WS__0P Metadata Unit">
               <dataObjectPointer dataObjectID="metadata_file"/>
            </xfdu:contentUnit>
         </xfdu:contentUnit>
      </xfdu:contentUnit>
   </informationPackageMap>
   <!--
    ===================================================================
    METADATA OBJECT SECTION
    ===================================================================
            --><metadataSection><!--Package ID--><metadataObject ID="packageId" category="PDI" classification="REFERENCE">
         <metadataWrap mimeType="text/xml" textInfo="Package Identifier" vocabularyName="SAFE">
            <xmlData>
               <resource href="urn:x-safe:ENVISAT:ASA_WS__0PNPDK20040305_154359_000001252024_00455_10529_4738"
                         name="Package ID"
                         role="Package Identifier"/>
            </xmlData>
         </metadataWrap>
      </metadataObject>
      <!--Processing--><metadataObject ID="processing" category="PDI" classification="PROVENANCE">
         <metadataWrap mimeType="text/xml" textInfo="Processing Information" vocabularyName="SAFE">
            <xmlData>
               <processing name="Conversion from ENVISAT format to SAFE"
                           start="2015-11-15T15:27:50.975000Z">
                  <safe-provenance:facility country="Spain" name="GMV" organisation="GMV" site="Madrid">
                     <safe-provenance:software name="SAFE 2.0 converter" version="safe-2.0-v1.0"/>
                  </safe-provenance:facility>
                  <safe-provenance:resource name="ASA_WS__0PNPDK20040305_154359_000001252024_00455_10529_4738.N1"
                                            role="Level 0 ASA_WS__0P datablock">
                     <safe-provenance:processing name="Level 0 processing" start="2004-03-06T22:59:43">
                        <safe-provenance:facility country="Italy" name="Frascati" organisation="ESA" site="ESRIN">
                           <safe-provenance:software name="PDHS-K" version="PFHS/5.25 "/>
                        </safe-provenance:facility>
                     </safe-provenance:processing>
                  </safe-provenance:resource>
               </processing>
            </xmlData>
         </metadataWrap>
      </metadataObject>
      <!--Acquisition Period--><metadataObject ID="acquisition" category="DMD" classification="DESCRIPTION">
         <metadataWrap mimeType="text/xml" textInfo="Acquisition Description">
            <xmlData>
               <acquisitionParameters>
                  <eop:Acquisition>
                     <eop:orbitNumber>10529</eop:orbitNumber>
                  </eop:Acquisition>
               </acquisitionParameters>
            </xmlData>
         </metadataWrap>
      </metadataObject>
      <!--Platform description--><metadataObject ID="platform" category="DMD" classification="DESCRIPTION">
         <metadataWrap mimeType="text/xml" textInfo="Platform Identification">
            <xmlData>
               <platform>
                  <eop:Platform>
                     <eop:shortName>ENVISAT</eop:shortName>
                  </eop:Platform>
               </platform>
            </xmlData>
         </metadataWrap>
      </metadataObject>
      <!--Instrument--><metadataObject ID="instrument" category="DMD" classification="DESCRIPTION">
         <metadataWrap mimeType="text/xml" textInfo="Instrument Description">
            <xmlData>
               <instrument>
                  <eop:Instrument>
                     <eop:shortName>ASAR</eop:shortName>
                  </eop:Instrument>
               </instrument>
            </xmlData>
         </metadataWrap>
      </metadataObject>
      <!--Sensor--><metadataObject ID="sensor" category="DMD" classification="DESCRIPTION">
         <metadataWrap mimeType="text/xml" textInfo="Sensor Description">
            <xmlData>
               <sensor>
                  <eop:Sensor>
                     <eop:sensorType>RADAR</eop:sensorType>
                  </eop:Sensor>
               </sensor>
            </xmlData>
         </metadataWrap>
      </metadataObject>
      <!--Class--><metadataObject ID="class" category="DMD" classification="OTHER">
         <metadataWrap mimeType="text/xml" textInfo="Conformance Classes">
            <xmlData>
               <productLTDPClass>
                  <safe-class:file name="ASA_WS__0PNPDK20040305_154359_000001252024_00455_10529_4738.N1">
                     <safe-class:fileVersion>N/A</safe-class:fileVersion>
                     <safe-class:fileFormat>ENVISAT</safe-class:fileFormat>
                     <safe-class:compressed>false</safe-class:compressed>
                  </safe-class:file>
                  <safe-class:packInfoType>Data</safe-class:packInfoType>
                  <safe-class:confClass>LTDP</safe-class:confClass>
                  <safe-class:dataClass>EO Product</safe-class:dataClass>
               </productLTDPClass>
            </xmlData>
         </metadataWrap>
      </metadataObject>
      <!--Rep IDs--><metadataObject ID="datablockUnitSchema" category="REP" classification="SYNTAX">
         <metadataReference href="urn:x-safe:ENVISAT:ASA_WS__0P_RPI-DAT:datablock_schema" locatorType="URL"
                            mimeType="text/xml"
                            vocabularyName="SAFE"/>
      </metadataObject>
      <metadataObject ID="metadataUnitSchema" category="REP" classification="SYNTAX">
         <metadataReference href="urn:x-safe:ENVISAT:ASA_WS__0P_RPI-MTD:metadata_chema" locatorType="OTHER"
                            mimeType="text/xml"
                            vocabularyName="SAFE"/>
      </metadataObject>
   </metadataSection>
   <!--
    ===================================================================
    DATA OBJECT SECTION
    ===================================================================
            --><dataObjectSection><!--ENVISAT ASAR ASA_WS__0P Data block
                --><dataObject ID="datablock_file" repID="datablockUnitSchema">
         <byteStream mimeType="application/octet-stream">
            <fileLocation href="MEASUREMENT.DAT" locatorType="URL" textInfo="ASA_WS__0P Data block"/>
            <checksum checksumName="MD5">9f17b3a568ed364946541a778303ce5b</checksum>
         </byteStream>
      </dataObject>
      <!--ENVISAT ASAR ASA_WS__0P Metadata File
                --><dataObject ID="metadata_file" repID="metadataUnitSchema">
         <byteStream mimeType="application/octet-stream">
            <fileLocation href="METADATA.XML" locatorType="URL" textInfo="ASA_WS__0P Metadata File"/>
            <checksum checksumName="MD5">e66ea6794b8f4c75c9b728f89632e55d</checksum>
         </byteStream>
      </dataObject>
   </dataObjectSection>
</xfdu:XFDU>