<?xml version="1.0" encoding="UTF-8"?>
<sar:EarthObservation xmlns:ows="http://www.opengis.net/ows/2.0"
                      xmlns:xsi="http://www.w3.org/2001/XMLSchema-instance"
                      xmlns:xlink="http://www.w3.org/1999/xlink"
                      xmlns:om="http://www.opengis.net/om/2.0"
                      xmlns:gml="http://www.opengis.net/gml/3.2"
                      xmlns:eop="http://www.opengis.net/eop/2.1"
                      xmlns:sar="http://www.opengis.net/sar/2.1"
                      gml:id="ASA_WS__0PNPDK20040305_154359_000001252024_00455_10529_4738_1">
   <om:phenomenonTime>
      <gml:TimePeriod gml:id="ASA_WS__0PNPDK20040305_154359_000001252024_00455_10529_4738_2">
         <gml:beginPosition>2004-03-05T15:43:59.563961</gml:beginPosition>
         <gml:endPosition>2004-03-05T15:46:05.299657</gml:endPosition>
      </gml:TimePeriod>
   </om:phenomenonTime>
   <om:resultTime>
      <gml:TimeInstant gml:id="ASA_WS__0PNPDK20040305_154359_000001252024_00455_10529_4738_3">
         <gml:timePosition>2004-03-05T15:46:05.299657</gml:timePosition>
      </gml:TimeInstant>
   </om:resultTime>
   <om:procedure>
      <eop:EarthObservationEquipment gml:id="ASA_WS__0PNPDK20040305_154359_000001252024_00455_10529_4738_4">
         <eop:platform>
            <eop:Platform>
               <eop:shortName>ENVISAT</eop:shortName>
            </eop:Platform>
         </eop:platform>
         <eop:instrument>
            <eop:Instrument>
               <eop:shortName>ASAR</eop:shortName>
            </eop:Instrument>
         </eop:instrument>
         <eop:sensor>
            <eop:Sensor>
               <eop:sensorType>RADAR</eop:sensorType>
               <eop:operationalMode>WS</eop:operationalMode>
               <eop:resolution uom="m">150</eop:resolution>
               <eop:swathIdentifier>WS0</eop:swathIdentifier>
            </eop:Sensor>
         </eop:sensor>
         <eop:acquisitionParameters>
            <sar:Acquisition>
               <eop:orbitNumber>10529</eop:orbitNumber>
               <eop:orbitDirection>DESCENDING</eop:orbitDirection>
               <eop:wrsLongitudeGrid codeSpace="urn:esa:eop:ENVISAT:relativeOrbits">455</eop:wrsLongitudeGrid>
               <eop:startTimeFromAscendingNode uom="ms">1250000</eop:startTimeFromAscendingNode>
               <eop:completionTimeFromAscendingNode uom="ms">1480000</eop:completionTimeFromAscendingNode>
               <sar:polarisationMode>S</sar:polarisationMode>
               <sar:polarisationChannels>VV</sar:polarisationChannels>
            </sar:Acquisition>
         </eop:acquisitionParameters>
      </eop:EarthObservationEquipment>
   </om:procedure>
   <om:observedProperty xsi:nil="true" nilReason="inapplicable"/>
   <om:featureOfInterest>
      <eop:Footprint gml:id="ASA_WS__0PNPDK20040305_154359_000001252024_00455_10529_4738_5">
         <eop:multiExtentOf>
            <gml:MultiSurface gml:id="ASA_WS__0PNPDK20040305_154359_000001252024_00455_10529_4738_6">
               <gml:surfaceMember>
                  <gml:Polygon gml:id="ASA_WS__0PNPDK20040305_154359_000001252024_00455_10529_4738_7">
                     <gml:exterior>
                        <gml:LinearRing>
                           <gml:posList>81.03 33.59 81.64 79.09 18.27 76.37 11.58 75.98 14.9 78.61 22.14 81.03 33.59</gml:posList>
                        </gml:LinearRing>
                     </gml:exterior>
                  </gml:Polygon>
               </gml:surfaceMember>
            </gml:MultiSurface>
         </eop:multiExtentOf>
         <eop:centerOf>
            <gml:Point gml:id="ASA_WS__0PNPDK20040305_154359_000001252024_00455_10529_4738_8">
               <gml:pos>78.88 20.33</gml:pos>
            </gml:Point>
         </eop:centerOf>
      </eop:Footprint>
   </om:featureOfInterest>
   <om:result>
      <eop:EarthObservationResult gml:id="ASA_WS__0PNPDK20040305_154359_000001252024_00455_10529_4738_9">
         <eop:product>
            <eop:ProductInformation>
               <eop:fileName>
                  <ows:ServiceReference xlink:href="urn:x-safe:ENVISAT:ASA_WS__0PNPDK20040305_154359_000001252024_00455_10529_4738">
                     <ows:RequestMessage/>
                  </ows:ServiceReference>
               </eop:fileName>
            </eop:ProductInformation>
         </eop:product>
      </eop:EarthObservationResult>
   </om:result>
   <eop:metaDataProperty>
      <eop:EarthObservationMetaData>
         <eop:identifier>ASA_WS__0PNPDK20040305_154359_000001252024_00455_10529_4738</eop:identifier>
         <eop:acquisitionType>NOMINAL</eop:acquisitionType>
         <eop:productType/>
         <eop:status>ARCHIVED</eop:status>
         <eop:downlinkedTo>
            <eop:DownlinkInformation>
               <eop:acquisitionStation codeSpace="urn:esa:eop:facility">ESR</eop:acquisitionStation>
            </eop:DownlinkInformation>
         </eop:downlinkedTo>
         <eop:productQualityDegradation uom="%">5</eop:productQualityDegradation>
         <eop:productQualityDegradationQuotationMode>AUTOMATIC</eop:productQualityDegradationQuotationMode>
         <eop:productQualityStatus>NOMINAL</eop:productQualityStatus>
         <eop:productQualityDegradationTag codeSpace="urn:esa:eop:ENVISAT:ASAR:Image:QualityDegradationTag">_100</eop:productQualityDegradationTag>
         <eop:processing>
            <eop:ProcessingInformation>
               <eop:processingCenter codeSpace="urn:esa:eop:ENVISAT:facility">PDE</eop:processingCenter>
               <eop:processingDate>2004-03-06T22:59:43.000000</eop:processingDate>
               <eop:processorVersion>1.2</eop:processorVersion>
               <eop:processingLevel>other: L0</eop:processingLevel>
               <eop:nativeProductFormat>ENVISAT</eop:nativeProductFormat>
            </eop:ProcessingInformation>
         </eop:processing>
         <eop:vendorSpecific>
            <eop:SpecificInformation>
               <eop:localAttribute>gaps</eop:localAttribute>
               <eop:localValue>0</eop:localValue>
            </eop:SpecificInformation>
         </eop:vendorSpecific>
         <eop:vendorSpecific>
            <eop:SpecificInformation>
               <eop:localAttribute>lines</eop:localAttribute>
               <eop:localValue>1000</eop:localValue>
            </eop:SpecificInformation>
         </eop:vendorSpecific>
         <eop:vendorSpecific>
            <eop:SpecificInformation>
               <eop:localAttribute>qualityAssessmentWarning</eop:localAttribute>
               <eop:localValue>Warning Message returned by quality assessment</eop:localValue>
            </eop:SpecificInformation>
         </eop:vendorSpecific>
         <eop:vendorSpecific>
            <eop:SpecificInformation>
               <eop:localAttribute>missionPhase</eop:localAttribute>
               <eop:localValue>A</eop:localValue>
            </eop:SpecificInformation>
         </eop:vendorSpecific>
      </eop:EarthObservationMetaData>
   </eop:metaDataProperty>
</sar:EarthObservation>